item_id,src,hypo_A,hypo_B,label,
item_0001,"If you choose to edit the connection file, remember that all other pages that use the connection file will also be affected by the changes you make.",إذا اخترت تحرير ملف الاتصال، فتذكّر أن جميع الصفحات الأخرى التي تستخدم ملف الاتصال ستتأثر أيضًا بالتغييرات التي تجريها.,إذا اخترت تعديل ملف الاتصال، فتذكر أن جميع الصفحات الأخرى التي تستخدم هذا الملف ستتأثر أيضاً بالتغييرات التي تجريها.,B,
item_0002,"If you must do this, retest the existing queries to ensure that they still run or produce expected results, and rewrite the queries if necessary.",إذا توجب عليك القيام بذلك، فأعد اختبار الاستعلامات الحالية لضمان استمرار تشغيلها أو تقديمها للنتائج المتوقعة، وأعد كتابتها إذا لزم الأمر.,إذا تعيّن عليك القيام بذلك، فأعد اختبار الاستعلامات الحالية للتأكد من أنها لا تزال تعمل أو تُنتج النتائج المتوقعة، وأعد صياغة الاستعلامات عند الضرورة.,B,
item_0003,"He had made it to the third or fourth paragraph when the man turned slowly toward him, gave him a vicious stare, and jerked the paper out of view.",كان قد وصل إلى الفقرة الثالثة أو الرابعة حين التفت إليه الرجل ببطء، ورمقه بنظرة شرسة، ثم خطف الصحيفة بعيدًا عن ناظريه.,كان قد وصل في القراءة إلى الفقرة الثالثة أو الرابعة عندما التفت الرجل نحوه ببطء، ورمقه بنظرة شريرة، ثم نتر الصحيفة ليحجبها عن نظره.,A,
item_0004,"But now that the scene was taking place, he felt quite disappointed, even angry.",ولكن الآن، وقد أصبح المشهد واقعاً، شعر بخيبة أمل كبيرة، بل وحتى بالغضب.,لكن الآن، وقد أخذ المشهد يتكشف أمامه، شعر بخيبة أمل كبيرة، بل بالغضب.,B,
item_0005,"It seemed to Quinn that Stillman's body had not been used for a long time and that all its functions had been relearned, so that motion had become a conscious process, each movement broken down into its component submovements, with the result that all flow and spontaneity had been lost.",بدا لكوين أن جسد ستيلمان لم يُستعمل منذ زمن طويل، وأن وظائفه كلها قد أُعيد تعلّمها، بحيث غدت الحركة عملية واعية، تُجزَّأ فيها كل حركة إلى حركاتها الفرعية المكوِّنة، وكانت النتيجة أن كل انسياب وتلقائية قد ضاعا.,بدا لكوين أن جسد ستيلمان لم يُستخدَم منذ فترة طويلة، وأن جميع وظائفه قد أُعيد تعلّمها، حتى صارت الحركة عملية واعية تنقسم فيها كل حركة إلى حركاتها الجزئية المكوّنة لها، مما أدى في النهاية إلى فقدان كل انسيابية وعفوية.,tie,
item_0006,"Users without licenses will be able to view and print the components and the data in them, but they can not interact with or make changes to them.",سيتمكن المستخدمون الذين لا يملكون تراخيص من عرض المكونات والبيانات الموجودة فيها وطباعتها، ولكن لن يكون بمقدورهم التفاعل معها أو إجراء تغييرات عليها.,سيتمكن المستخدمون غير المرخّصين من عرض المكوّنات والبيانات الموجودة فيها وطباعتها، لكن لن يتمكنوا من التفاعل معها أو إجراء أي تغييرات عليها.,tie,
item_0007,"Ingenious, really, how many ways Muggles have found of getting along without magic.",من العبقري حقاً، كثرة الطرق التي ابتكرها العامة لتدبر أمورهم دون سحر.,إنه لأمرٌ عبقريّ حقًا، كم ابتكر العامّة من طرائق لتدبير أمورهم من دون سحر.,B,
item_0008,"Thank you very much, Commissioner.",شكرًا جزيلًا، سعادة المفوض.,شكراً جزيلاً لك، سيادة المفوض.,tie,
item_0009,"Like HTML, XML makes use of tags and attributes, but while HTML specifies what each tag and attribute means (and thus how the data between them will look in a browser), XML uses the tags only to delimit pieces of data, and leaves the interpretation of the data completely to the application that reads it.",على غرار لغة HTML، تستخدم لغة XML الوسوم والسمات، ولكن في حين تحدد HTML معنى كل وسم وسمة (وبالتالي كيفية ظهور البيانات بينهما في المتصفح)، فإن XML تستخدم الوسوم فقط لتحديد حدود أجزاء البيانات، وتترك تفسير هذه البيانات بالكامل للتطبيق الذي يقرأها.,مثل HTML، تستخدم XML الوسوم والسمات، لكن في حين تحدد HTML معنى كل وسم وسمة (وبالتالي كيفية عرض البيانات الموجودة بينها في المتصفح)، لا تستخدم XML الوسوم إلا لتحديد حدود أجزاء البيانات، وتترك تفسير هذه البيانات بالكامل للتطبيق الذي يقرؤها.,B,
item_0010,"I well remember what intelligent, informed people were saying in the last years of the Weimar Republic, what they told one another in the first days after Hindenburg had brought in Hitler.",أذكر جيدًا ما كان يقوله أناس أذكياء ومطّلعون في السنوات الأخيرة من جمهورية فايمار، وما كانوا يحدّث به بعضهم بعضًا في الأيام الأولى بعدما أتى هيندنبورغ بهتلر إلى السلطة.,أذكر جيداً ما كان يقوله العقلاء والمطلعون في السنوات الأخيرة من جمهورية فايمار، وما تداوله بعضهم مع بعض في الأيام الأولى التي تلت تنصيب هيندنبورغ لهتلر.,B,
item_0011,This broke everybody up.,جعل هذا الجميع ينفجرون ضحكاً.,جعل هذا الجميع ينفجرون ضحكًا.,tie,
item_0012,"As he opened the door that would lead him into the lobby, he gave himself one last word of advice.",بينما كان يفتح الباب الذي سيقوده إلى الردهة، وجه لنفسه نصيحة أخيرة.,وهو يفتح الباب الذي سيفضي به إلى الردهة، أسدى إلى نفسه نصيحة أخيرة.,B,
item_0013,"Supposing he was still alive in another four weeks, what would happen if he didn't turn up at Hogwarts?",على فرض أنه ظلّ على قيد الحياة بعد أربعة أسابيع أخرى، فماذا سيحدث إن لم يظهر في هوغوورتس؟,بافتراض أنه لا يزال على قيد الحياة بعد أربعة أسابيع أخرى، ماذا سيحدث لو لم يظهر في هوجورتس؟,B,
item_0014,"When items in a field are hidden by conditional filtering, a funnel appears to the left of the drop-down arrow Field arrow.",عند إخفاء عناصر في حقل باستخدام التصفية الشرطية، تظهر أيقونة قمع إلى يسار سهم القائمة المنسدلة للحقل.,عندما تُخفى العناصر في حقل ما بواسطة التصفية الشرطية، يظهر رمز قمع إلى يسار سهم القائمة المنسدلة (سهم الحقل).,B,
item_0015,"Frustrated, the Americans decided for the best of reasons, as always, to make a heavier move:",وقد استبدّ بهم الإحباط، فقرر الأمريكيون، ولأسمى الأسباب كما هي عادتهم، أن يُقدموا على خطوة أكثر وطأة:,وبدافع من الإحباط، قرر الأمريكيون -لأبلج الأسباب كعادتهم دائماً- اتخاذ خطوة أكثر حزماً:,A,
item_0016,"In that case, the matter turns out to be a national problem after all.",في تلك الحالة، يتضح أن المسألة مشكلة وطنية في نهاية المطاف.,في هذه الحالة، يتبين أن الأمر يمثل مشكلة وطنية في نهاية المطاف.,A,
item_0017,A query that uses wildcard characters in a criteria expression can produce different results under each query mode.,قد يؤدي الاستعلام الذي يستخدم أحرف البدل في تعبير المعايير إلى نتائج مختلفة في كل وضع من أوضاع الاستعلام.,قد ينتج عن الاستعلام الذي يستخدم أحرف البدل في تعبير المعيار نتائج مختلفة في كل وضع من أوضاع الاستعلام.,B,
item_0018,"When items in a field are hidden by autofiltering or filter by selection, the drop-down arrow Field arrow in the field label is blue.",عندما تُخفى العناصر في حقل ما بواسطة التصفية التلقائية أو التصفية حسب التحديد، يتحول لون سهم القائمة المنسدلة (سهم الحقل) في تسمية الحقل إلى الأزرق.,عند إخفاء عناصر في حقل باستخدام التصفية التلقائية أو التصفية حسب التحديد، يتحول سهم القائمة المنسدلة في تسمية الحقل إلى اللون الأزرق.,A,
item_0019,"As you know, underage wizards are not permitted to perform spells outside school, and further spellwork on your part may lead to expulsion from said school (Decree for the Reasonable Restriction of Underage Sorcery, 1875, Paragraph C).",كما تعلم، يُحظر على السحرة القُصَّر إلقاء التعاويذ خارج المدرسة، وأي ممارسة سحرية أخرى من جانبك قد تؤدي إلى فصلك من المدرسة المذكورة (مرسوم التقييد المعقول لسحر القُصَّر، 1875، الفقرة ج).,كما تعلم، لا يُسمح للسحرة القاصرين بإلقاء التعاويذ خارج المدرسة، وأي ممارسة أخرى للسحر من جانبك قد تؤدي إلى فصلك من المدرسة المذكورة (مرسوم الحد المعقول من سحر القاصرين، ١٨٧٥، الفقرة ج).,B,
item_0020,"Quinn had his doubts, but this was all he had to go on, his only bridge to the present.",ساورت كوين الشكوك، لكن لم يكن لديه ما يستند إليه سوى هذا، جسره الوحيد إلى الحاضر.,ساورت كوين الشكوك، لكن هذا كان كل ما لديه ليستند إليه، وجسره الوحيد إلى الحاضر.,tie,
item_0021,Just so you could carry on tinkering with all that Muggle rubbish in your shed!,فقط لكي تستمر في العبث بكل خردة العامّة تلك في كوخك!,فقط لكي تتمكن من مواصلة العبث بكل تلك الخردة الماغلية في سقيفتك!,A,
item_0022,The fiscal advantages for clean vehicles could then be introduced some two years before the new standards take effect.,ويمكن عندئذٍ تقديم المزايا الضريبية للمركبات النظيفة قبل نحو عامين من بدء تطبيق المعايير الجديدة.,وعندئذٍ يمكن استحداث المزايا الضريبية للمركبات النظيفة قبل نحو عامين من دخول المعايير الجديدة حيز التنفيذ.,A,
item_0023,"After you move fields to the drop areas so that the drop area captions are covered up, you can still drag additional fields to the areas.",بعد نقل الحقول إلى مناطق الإفلات بحيث تغطي تسميات هذه المناطق، لا يزال بإمكانك سحب حقول إضافية إليها.,بعد نقل الحقول إلى مناطق الإفلات بحيث تُغطّى عناوين هذه المناطق، يظل بإمكانك سحب حقول إضافية إليها.,A,
item_0024,"She was, however, reading a book, a paperback with a lurid cover, and Quinn leaned over ever so slightly to his right to catch a glimpse of the title.",على أنَّها كانت تقرأ كتاباً، طبعةً ورقية ذات غلافٍ فاقع الألوان، فمال كوين قليلاً جداً إلى جهة اليمين ليلقي نظرةً خاطفة على العنوان.,غير أنها كانت تقرأ كتابًا، طبعةً ورقيةً بغلاف صارخ، فمال كوين إلى يمينه ميلًا طفيفًا لا يكاد يُلحظ ليختلس نظرةً إلى العنوان.,B,
item_0025,"We step into the street and my friend David Shahar, whose chest is large, takes a deep breath and advises me to do the same.",نخطو إلى الشارع، فيأخذ صديقي ديفيد شاهار، عريض الصدر، نفساً عميقاً وينصحني بفعل الشيء نفسه.,نخطو إلى الشارع، فيأخذ صديقي دافيد شاحر، عريضُ الصدر، نَفَسًا عميقًا وينصحني بأن أفعل مثله.,A,
item_0026,"Addressing the OAS, Amin had provoked laughter and applause among the delegates by saying that the hostages were as comfortable as they could be in the circumstances surrounded by explosives.",وفي خطابه أمام منظمة الدول الأمريكية، أثار أمين ضحك وتصفيق المندوبين بقوله إن الرهائن كانوا ينعمون بأكبر قدر ممكن من الراحة في ظل ظروف محاصرتهم بالمتفجرات.,وفي كلمة ألقاها أمام منظمة الدول الأمريكية، أثار أمين ضحك المندوبين وتصفيقهم حين قال إن الرهائن كانوا في أقصى درجات الراحة الممكنة في ظل تلك الظروف، وهم محاطون بالمتفجرات.,B,
item_0027,"He had read Quinn's old work, he had admired it, he had been looking forward to more.",لقد قرأ أعمال كوين القديمة، وأُعجب بها، وكان يتطلع إلى المزيد.,كان قد قرأ أعمال كوين السابقة، وأُعجب بها، وكان يتطلّع إلى المزيد.,tie,
item_0028,We soon get around to contemporary matters.,وسرعان ما نتطرق إلى القضايا المعاصرة.,سرعان ما نتطرق إلى الأمور المعاصرة.,B,
item_0029,"I was smoking my pipe quietly by my dismantled steamer, and saw them all cutting capers in the light, with their arms lifted high, when the stout man with mustaches came tearing down to the river, a tin pail in his hand, assured me that everybody was 'behaving splendidly, splendidly, dipped about a quart of water and tore back again.",كنت أدخّن غليوني بهدوء إلى جانب باخرتي المفككة، وأراهم جميعًا يثبون ويرقصون في الضوء وأذرعهم مرفوعة عاليًا، حين اندفع الرجل البدين ذو الشاربين هابطًا إلى النهر، وفي يده سطل من صفيح، مؤكّدًا لي أن الجميع «يتصرفون على نحو رائع، رائع»، ثم اغترف نحو لتر من الماء واندفع عائدًا.,"كنت أدخن غليوني بهدوء بجوار باخرتي المفككة، ورأيتهم جميعاً يتقافزون في الضوء بأذرعهم المرفوعة عالياً، عندما هرع الرجل البدين ذو الشاربين نحو النهر وبيده سطل من الصفيح، وأكد لي أن الجميع ""يتصرفون بشكل رائع، رائع""، ثم غرف حوالي لتر من الماء وهرع عائداً من حيث أتى.",B,
item_0030,"3 When you filter a field, the drop-down arrow Field arrow for the filtered field changes to blue instead of black, and the AutoFilter button on the toolbar is selected.","3 عند تصفية حقل، يتغير سهم القائمة المنسدلة الخاص بالحقل المصفى إلى اللون الأزرق بدلاً من الأسود، ويصبح زر ""التصفية التلقائية"" في شريط الأدوات مفعلاً.",٣ عند تصفية حقل، يتغير سهم القائمة المنسدلة للحقل الذي تمت تصفيته إلى اللون الأزرق بدلًا من الأسود، كما يتم تحديد زر التصفية التلقائية على شريط الأدوات.,B,
item_0031,I wish it was. But this has nothing to do with literature.,ليته كان كذلك. لكن هذا لا يمتّ إلى الأدب بصلة.,ليت الأمر كذلك، ولكن هذا لا علاقة له بالأدب.,tie,
item_0032,Uncle Vernon might still have been able to make his deal – if it hadn't been for the owl.,ربما ظل العم فيرنون قادراً على إتمام صفقته، لولا تلك البومة.,ربما كان العم فيرنون سيتمكّن مع ذلك من إتمام صفقته، لولا البومة.,B,
item_0033,"But quite abruptly, he had given up all that.",لكنّه، وعلى نحوٍ مفاجئ تمامًا، كان قد تخلى عن ذلك كله.,ولكنه، وبشكل مفاجئ تماماً، تخلى عن كل ذلك.,A,
item_0034,"When you create a link, Access will automatically set the ConnectionString property based on the contents of the connection file.",عند إنشاء ارتباط، سيقوم Access تلقائيًا بتعيين خاصية ConnectionString استنادًا إلى محتويات ملف الاتصال.,عند إنشاء ارتباط، سيقوم Access تلقائياً بتعيين الخاصية ConnectionString استناداً إلى محتويات ملف الاتصال.,tie,
item_0035,But it did not give me the time of day.,لكنّه لم يُلقِ لي بالًا.,لكنه لم يعرني أي اهتمام.,tie,
item_0036,"I hope she will take note of this, because it is an important point.",آمل أن تأخذ ذلك في الحسبان، لأنها نقطة مهمة.,آمل أن تأخذ هذا بعين الاعتبار، لأنها نقطة مهمة.,B,
item_0037,This gives the developer considerable control over the output of the XML data.,يتيح ذلك للمطور تحكماً كبيراً في مخرجات بيانات XML.,يمنح ذلك المطوّر تحكمًا كبيرًا في مخرجات بيانات XML.,tie,
item_0038,"For example, a series drop area is not displayed for a pie chart because pie charts consist of only one series.",على سبيل المثال، لا تُعرض منطقة إفلات السلسلة للمخطط الدائري لأن المخططات الدائرية تتكون من سلسلة واحدة فقط.,على سبيل المثال، لا يتم عرض منطقة إسقاط السلسلة للمخطط الدائري لأن المخططات الدائرية تتكون من سلسلة واحدة فقط.,B,
item_0039,I had been telling Shahar when we were walking in the Gai-Hinnom that I hadn't liked it when David Ben-Gurion on his visits to the United States would call upon American Jews to give up their illusions about goyish democracy and emigrate full speed to Israel.,كنت أقول لشاحار، ونحن نمشي في وادي هنّوم، إنني لم أكن أرتاح إلى أن يعمد ديفيد بن غوريون، في زياراته للولايات المتحدة، إلى دعوة اليهود الأميركيين إلى التخلي عن أوهامهم بشأن ديمقراطية الأغيار والهجرة بأقصى سرعة إلى إسرائيل.,لقد كنت أقول لشاحار، بينما كنا نسير في وادي هنوم، إن الأمر لم يكن يعجبني حين كان دافيد بن غوريون، خلال زياراته إلى الولايات المتحدة، يطالب اليهود الأمريكيين بالتخلي عن أوهامهم بشأن ديمقراطية الأغيار والهجرة بأقصى سرعة إلى إسرائيل.,B,
item_0040,You can apply a filter to a row or column field to show the top or bottom n items based on a total.,يمكنك تطبيق عامل تصفية على حقل صف أو عمود لعرض أعلى أو أدنى n عنصرًا استنادًا إلى الإجمالي.,يمكنك تطبيق عامل تصفية على حقل صف أو عمود لإظهار أعلى أو أدنى عدد (n) من العناصر استناداً إلى الإجمالي.,tie,
item_0041,"However, when you apply a filter by selection, the conditional filter already applied on the field is removed before the filter by selection is applied.",ومع ذلك، عند تطبيق عامل تصفية حسب التحديد، يُزال عامل التصفية الشرطي المطبَّق بالفعل على الحقل قبل تطبيق عامل التصفية حسب التحديد.,ومع ذلك، عند تطبيق تصفية حسب التحديد، تُزال التصفية الشرطية المطبقة بالفعل على الحقل قبل تطبيق التصفية حسب التحديد.,B,
item_0042,"I heard the name of Kurtz pronounced, then the words, 'take advantage of this unfortunate accident.'",سمعتُ اسمَ كورتز يُنطَق، ثم الكلمات: «استغلّوا هذا الحادث المؤسف».,"سمعتُ اسم ""كورتز"" يُنطَق، ثم تلتْه الكلمات: ""استغل هذا الحادث المؤسف"".",unclear,"the object of the verb ""take"" is unclear, is Kurtz f or m, or is it plural."
item_0043,"The American firm of Booz, Allen &amp; Hamilton lent one of its specialists, Miles Copeland by name, to the State Department, where he was in 1955 a member of a group called the Middle East Policy Planning Committee, the main purpose of which was, in his own words, ""to work out ways of taking advantage of the friendship which was developing between ourselves and Nasser.""","أعارت شركة ""بوز، ألن آند هاملتون"" الأمريكية أحد خبرائها، ويدعى مايلز كوبلاند، إلى وزارة الخارجية، حيث كان في عام 1955 عضواً في مجموعة تُسمى ""لجنة تخطيط السياسات في الشرق الأوسط""، وكان هدفها الرئيسي، على حد تعبيره، ""إيجاد سبل للاستفادة من الصداقة التي كانت تنمو بيننا وبين عبد الناصر"".",أعارت الشركة الأمريكية بوز، ألن وهاملتون أحدَ اختصاصييها، واسمه مايلز كوبلاند، إلى وزارة الخارجية، حيث كان في عام 1955 عضوًا في مجموعة تُدعى لجنة تخطيط سياسات الشرق الأوسط، وكان الغرض الرئيسي منها، على حدّ قوله، «استنباط سبل للإفادة من الصداقة التي كانت تنشأ بيننا وبين ناصر».,B,
item_0044,"The ReportML language is made up of a set of tags that describe a form, report or data access page's properties, events, and attributes.",تتألف لغة ReportML من مجموعة من الوسوم التي تصف خصائص وأحداث وسمات النموذج أو التقرير أو صفحة الوصول إلى البيانات.,تتكوّن لغة ReportML من مجموعة من الوسوم التي تصف خصائص وأحداث وسمات نموذج أو تقرير أو صفحة وصول إلى البيانات.,tie,
item_0045,paying special attention to the eyes.,مع إيلاء اهتمام خاص بالعينين.,مع إيلاء اهتمام خاص للعينين.,tie,
item_0046,"As he crossed the threshold and entered the apartment, he could feel himself going blank, as if his brain had suddenly shut off.",ما إن تخطى عتبة الباب ودخل الشقة، حتى شعر بعقله يفرغ تماماً من الأفكار، وكأن دماغه قد توقف عن العمل فجأة.,ما إن اجتاز العتبة ودخل الشقة حتى أحسّ بأن ذهنه يفرغ تمامًا، كما لو أن دماغه قد انطفأ فجأة.,B,
item_0047,in order to bring immediate results it will also be necessary to have constant monitoring of the implementation of the directive.,ومن أجل تحقيق نتائج فورية، سيكون من الضروري أيضاً إجراء مراقبة مستمرة لتنفيذ هذا التوجيه.,ومن أجل تحقيق نتائج فورية، سيكون من الضروري أيضًا إجراء رصد مستمر لتنفيذ التوجيه.,A,
item_0048,"At the corner of 72nd Street and Madison Avenue, he waved down a cab.",عند ناصية الشارع الثاني والسبعين وجادة ماديسون، أشار بيده لإيقاف سيارة أجرة.,عند تقاطع الشارع الثاني والسبعين وجادة ماديسون، استوقف سيارة أجرة.,A,
item_0049,I give the floor to Mrs Green.,أعطي الكلمة للسيدة غرين.,أمنح الكلمة للسيدة غرين.,tie,
item_0050,"The Herodian relics are all that relics should be columns distorted, well worked over by time, Absalom's tomb with its bulbous roof and odd funnel tapering out of it.",إن الآثار الهيرودية هي كل ما ينبغي أن تكون عليه الآثار: أعمدة مشوهة، تلاعب بها الزمن ملياً، وقبر أبشالوم بسقفه المنتفخ وقُمعِهِ الغريب المستدق منه.,الآثار الهيرودية هي كل ما ينبغي للآثار أن تكونه: أعمدة مُشوَّهة أعمل الزمن فيها فعله، وقبر أبشالوم بسقفه البصليّ وقمعه الغريب المستدقّ الناتئ منه.,B,
item_0051,We have done considerable research before coming to the conclusions before us tonight.,لقد أجرينا بحثًا مستفيضًا قبل التوصل إلى الاستنتاجات المطروحة أمامنا الليلة.,لقد أجرينا أبحاثاً مستفيضة قبل التوصل إلى الاستنتاجات المعروضة أمامنا الليلة.,tie,
item_0052,The European Commission maintains that everything depends on supply.,وتؤكد المفوضية الأوروبية أن كل شيء يعتمد على العرض.,تؤكد المفوضية الأوروبية أن كل شيء يتوقف على العرض.,tie,
item_0053,"If there are 40 salespeople, after the filter is applied, you will see data for 10 people.",إذا كان هناك 40 موظف مبيعات، فستظهر لك بيانات 10 أشخاص بعد تطبيق عامل التصفية.,إذا كان عدد مندوبي المبيعات 40، فبعد تطبيق عامل التصفية ستظهر لك بيانات 10 منهم.,A,
item_0054,"Many aspects of the transition have already been successfully debated and worked out, for example continuity in Kong's civil service.",لقد نوقشت بالفعل جوانب عديدة من المرحلة الانتقالية وتم التوصل إلى ترتيبات ناجحة بشأنها، مثل ضمان استمرارية الخدمة المدنية في هونغ كونغ.,لقد نوقشت بالفعل جوانب كثيرة من المرحلة الانتقالية وسُويت بنجاح، ومثال ذلك استمرارية الخدمة المدنية في هونغ كونغ.,tie,
item_0055,"An autofilter is always applied before a conditional filter, regardless of the order in which you applied them.",تُطبَّق التصفية التلقائية دائماً قبل التصفية الشرطية، بغض النظر عن ترتيب تطبيقهما.,تُطبَّق التصفية التلقائية دائمًا قبل التصفية الشرطية، بغضّ النظر عن ترتيب تطبيقهما.,tie,
item_0056,We look forward to what the Commission has to say but I would sound a note of warning.,نتطلع إلى ما ستقوله المفوضية، غير أنني أود أن أوجّه تحذيراً.,إننا نتطلع إلى ما ستقوله المفوضية، ولكنني أود أن أطلق صيحة تحذير.,A,
item_0057,"Once the Office Web Components are installed, users who have access to an Office 2002 license will be able to interact with and make changes to the components.",بمجرد تثبيت مكونات ويب Office، سيتمكن المستخدمون الذين لديهم ترخيص لبرنامج Office 2002 من التفاعل مع هذه المكونات وإجراء تغييرات عليها.,بعد تثبيت مكونات Office Web Components، سيتمكن المستخدمون الذين تتوفر لديهم رخصة Office 2002 من التفاعل مع هذه المكونات وإجراء تغييرات عليها.,A,
item_0058,"That is, a user with an appropriate license can make changes to data in a spreadsheet, change formatting, drag fields in a chart or PivotTable List, and so on, as long as you didn't protect these options at design time.",أي أنه يمكن للمستخدم الذي يملك الترخيص المناسب تعديل البيانات في جدول البيانات، وتغيير التنسيق، وسحب الحقول في مخطط أو قائمة جدول محوري، وغير ذلك، طالما أنك لم تقم بحماية هذه الخيارات أثناء مرحلة التصميم.,أي إن المستخدم الذي لديه ترخيص مناسب يمكنه تعديل البيانات في جدول بيانات، وتغيير التنسيق، وسحب الحقول في مخطط أو قائمة PivotTable، وما إلى ذلك، ما دمت لم تحمِ هذه الخيارات أثناء مرحلة التصميم.,A,
item_0059,"Well, let us say three months before we can make a start.",حسنًا، لنقل ثلاثة أشهر قبل أن نتمكن من البدء.,"""حسنًا، لنقل ثلاثة أشهر قبل أن نتمكن من البدء.""",A,
item_0060,"From this standpoint, the evaluation of the implementation of the budget may take on a dimension that overrides matters of detail.",ومن هذا المنطلق، قد يكتسب تقييم تنفيذ الميزانية بُعدًا يتجاوز المسائل التفصيلية.,من هذا المنطلق، قد يكتسب تقييم تنفيذ الميزانية بُعداً يتجاوز المسائل التفصيلية.,B,
item_0061,Otherwise we will find ourselves forced to take more serious decisions as regards our trading relations with Israel.,وإلا فسنجد أنفسنا مضطرين إلى اتخاذ قرارات أكثر جدية فيما يتعلق بعلاقاتنا التجارية مع إسرائيل.,وإلا سنجد أنفسنا مضطرين لاتخاذ قرارات أكثر جدية فيما يتعلق بعلاقاتنا التجارية مع إسرائيل.,A,
item_0062,You can apply a filter to a series or category field to show the top or bottom n items based on a total.,يمكنك تطبيق عامل تصفية على حقل سلسلة أو فئة لإظهار العناصر الـ n الأعلى أو الأدنى بناءً على الإجمالي.,يمكنك تطبيق عامل تصفية على حقل سلسلة أو فئة لعرض أعلى أو أدنى n عنصرًا استنادًا إلى الإجمالي.,B,
item_0063,"If a query uses an alias that is the same as a base column name and you create a calculated field using the ambiguous name, the query will produce different results under each query mode.",إذا استخدم الاستعلام اسماً مستعاراً مطابِقاً لاسم العمود الأساسي وأنشأتَ حقلاً محسوباً باستخدام هذا الاسم الغامض، فسينتج عن الاستعلام نتائج مختلفة في كل وضع من أوضاع الاستعلام.,إذا استخدم استعلامٌ اسمًا مستعارًا يطابق اسم عمودٍ أساسي، ثم أنشأتَ حقلًا محسوبًا باستخدام الاسم الملتبس، فسينتج الاستعلام نتائج مختلفة في كل وضع من أوضاع الاستعلام.,A,
item_0064,"If you don't want to retain your filter selections, make sure the AutoFilter button is not selected before you start selecting items to filter.",إذا كنت لا ترغب في الاحتفاظ باختيارات التصفية، فتأكد من أن زر «التصفية التلقائية» غير محدد قبل البدء في اختيار العناصر المراد تصفيتها.,"إذا كنت لا ترغب في الاحتفاظ بخيارات التصفية التي حددتها، فتأكد من إلغاء تفعيل زر ""التصفية التلقائية"" قبل البدء في اختيار العناصر المراد تصفيتها.",B,
item_0065,The moment they know the de-gnoming's going on they storm up to have a look.,ما إن يعلموا أن عملية طرد أقزام الحديقة جارية حتى يندفعوا إلى هناك لإلقاء نظرة.,في اللحظة التي يعلمون فيها ببدء عملية طرد الأقزام، يندفعون صعداً لإلقاء نظرة.,A,
item_0066,Subforms and subreports on a form or report are not converted when you carry out the Save As command.,"لا تُحوَّل النماذج الفرعية والتقارير الفرعية الموجودة ضمن نموذج أو تقرير عند تنفيذ الأمر ""حفظ باسم"".","لا يتم تحويل النماذج الفرعية والتقارير الفرعية الموجودة في نموذج أو تقرير عند تنفيذ الأمر ""حفظ باسم"".",B,
item_0067,"The next morning, Quinn woke up earlier than he had in several weeks.",في صباح اليوم التالي، استيقظ كوين في وقت أبكر مما اعتاد عليه منذ عدة أسابيع.,في صباح اليوم التالي، استيقظ كوين أبكر مما كان يستيقظ منذ عدة أسابيع.,A,
item_0068,"This was generally a grim place, filled with dust and people with nowhere to go, but now, with the rush hour at full force, it had been taken over by men and women with briefcases, books, and newspapers.",كان هذا المكان عادةً كئيبًا، يملؤه الغبار وأناس لا وجهة لهم، لكنه الآن، وقد بلغت ساعة الذروة أوجها، غصّ برجال ونساء يحملون حقائب عمل وكتبًا وصحفًا.,كان هذا المكان كئيباً في الغالب، يعمّه الغبار ويزدحم بأناس لا ملاذ لهم، لكنه الآن، ومع بلوغ ساعة الذروة أوجها، غصّ برجال ونساء يحملون حقائب عمل وكتباً وصحفاً.,B,
item_0069,"When you create a Microsoft Access database, you need to decide which query mode you are going to use, because mixing queries created in both query modes could produce runtime errors or unexpected results.",عند إنشاء قاعدة بيانات في Microsoft Access، عليك تحديد وضع الاستعلام الذي ستستخدمه، لأن خلط الاستعلامات المُنشأة في كلا وضعي الاستعلام قد يؤدي إلى أخطاء وقت التشغيل أو نتائج غير متوقعة.,عندما تنشئ قاعدة بيانات في Microsoft Access، يتعين عليك تحديد وضع الاستعلام الذي ستستخدمه، لأن خلط الاستعلامات التي تم إنشاؤها في كلا وضعي الاستعلام قد يؤدي إلى حدوث أخطاء في وقت التشغيل أو نتائج غير متوقعة.,tie,
item_0070,"He was about to tell her who he was, but then he realized that it made no difference.",كان على وشك أن يخبرها بمَن يكون، لكنّه أدرك حينها أن ذلك لن يغيّر شيئاً.,كان على وشك أن يخبرها بحقيقته، لكنه أدرك عندئذٍ أن ذلك لن يُحدث أي فرق.,A,
item_0071,"On July 4-5, again before the rescue, Le Monde had reported without comment wisecracks made by Amin in a speech at Port Louis.","وفي يومي 4 و5 يوليو، وقبل عملية الإنقاذ أيضاً، كانت صحيفة ""لوموند"" قد نقلت دون أي تعليق تعليقاتٍ ساخرةً أدلى بها أمين في خطابٍ ألقاه في بورت لويس.",في 4 و5 يوليو، وقبل عملية الإنقاذ أيضًا، نقلت صحيفة «لوموند» من دون تعليق تعليقاتٍ ساخرة أطلقها أمين في خطاب ألقاه في بورت لويس.,tie,
item_0072,The type of interval you can specify for a field depends on the data type of the field.,يعتمد نوع الفاصل الزمني الذي يمكنك تحديده لحقل ما على نوع بيانات الحقل.,يعتمد نوع الفاصل الزمني الذي يمكنك تحديده للحقل على نوع بيانات الحقل.,A,
item_0073,"You see, said Quinn, I'm not making it up. I even have proof.",أترى؟ قال كوين: إنني لا أختلق الأمر، بل لديّ دليل أيضًا.,"قال كوين: ""أرأيت؟ أنا لا أختلق هذا الأمر، بل إن لدي دليلاً.""",A,
item_0074,The width of the ruler's unit of measure is based on the regional settings in Microsoft Windows Control Panel.,يعتمد عرض وحدة قياس المسطرة على الإعدادات الإقليمية في لوحة تحكم Microsoft Windows.,يعتمد عرض وحدة قياس المسطرة على الإعدادات الإقليمية في لوحة تحكم Microsoft Windows.,tie,
item_0075,"In general, avoid doing the following to prevent problems caused by mixing queries created under different ANSI SQL query modes:",بوجه عام، تجنب القيام بما يلي لتفادي المشكلات الناتجة عن خلط استعلامات تم إنشاؤها في ظل أوضاع استعلام ANSI SQL مختلفة:,بوجه عام، تجنّب القيام بما يلي لتفادي المشكلات الناجمة عن خلط الاستعلامات المنشأة في أوضاع استعلام ANSI SQL مختلفة:,A,
item_0076,"They intrigued and slandered and hated each other only on that account, – but as to effectually lifting a little finger – oh, no. By heavens!",لقد تآمروا وافتروا وتباغضوا لأجل ذلك وحده، أما أن يحركوا إصبعاً واحدة لتقديم مساعدة فعلية—فلا والله، هيهات!,كانوا يحيكون الدسائس ويتقاذفون الافتراءات ويتباغضون لمجرد ذلك، أما أن يحرّكوا إصبعًا واحدًا تحريكًا فعّالًا، فكلّا، وأيمُ الله!,A,
item_0077,The vote will take place tomorrow at 12 noon.,سيُجرى التصويت غدًا في تمام الساعة الثانية عشرة ظهرًا.,سيجري التصويت غداً في تمام الساعة الثانية عشرة ظهراً.,tie,
item_0078,It's even made out to you.,بل إنه محرَّر باسمك أنت.,حتى إنها مكتوبة باسمك.,unclear,"""it"" is ambiguous"
item_0079,"The chair was comfortable, and the beer had gone slightly to his head.",كان الكرسيُّ مريحاً، وقد لعبت الجعة برأسه قليلاً.,كان الكرسي مريحًا، وكانت الجعة قد صعدت إلى رأسه قليلًا.,A,
item_0080,Harry just caught sight of a pair of bright brown eyes staring at him before it closed with a snap.,لمح هاري زوجًا من عينين بنيتين لامعتين تحدقان فيه قبل أن يُغلق بفرقعة.,لمح هاري للتو عينين بنيتين لامعتين تحدقان فيه قبل أن تنغلقا فجأة.,B,
item_0081,"For example, you can filter for the top or bottom 25 % of salespeople based on the number of orders handled.",على سبيل المثال، يمكنك تصفية أفضل أو أقل 25% من مندوبي المبيعات بناءً على عدد الطلبات التي تمت معالجتها.,على سبيل المثال، يمكنك التصفية لعرض أعلى 25٪ أو أدنى 25٪ من مندوبي المبيعات بناءً على عدد الطلبات التي تولّوا معالجتها.,A,
item_0082,Auster looked the check over carefully and nodded.,تفحّص أوستر الشيك بعناية ثم أومأ برأسه.,تفحّص أوستر الشيك بعناية وأومأ برأسه.,tie,
item_0083,"Also, you can set the line style of borders. For example, you can specify that a border consists of dashes or dots.",يمكنك أيضًا ضبط نمط خط الحدود؛ فعلى سبيل المثال، يمكنك تحديد أن يتكوّن الحد من شرطات أو نقاط.,كما يمكنك أيضًا تعيين نمط خط الحدود. فعلى سبيل المثال، يمكنك تحديد أن يتكون الحد من شرطات أو نقاط.,B,
item_0084,"It is accompanied by the further reflection (partly proud, mostly bitter) that we Jews seem to have a genius for finding the heart of the crisis.",ويرافق ذلك تأملٌ آخر (يخالطه بعض الفخر، ويطغى عليه الكثير من المرارة) مفاده أننا نحن اليهود يبدو أننا نمتلك عبقريةً في الوصول إلى جوهر الأزمة.,ويصاحبه تأمّلٌ آخر (فيه بعض الاعتزاز وكثيرٌ من المرارة) مفاده أننا نحن اليهود نبدو كأننا نملك عبقريةً في العثور على لبّ الأزمة.,tie,
item_0085,"Still, it was painful, and he struggled desperately to swallow his pride.",ومع ذلك، كان الأمر مؤلمًا، وجاهد مستميتًا ليبتلع كبرياءه.,ومع ذلك، كان الأمر مؤلماً، وقد جاهد باستماتة ليبتلع كبرياءه.,tie,
item_0086,"The pressure had been building up in him since Stillman's disappearance that morning, and it came out of him now as a torrent of words.",كان الضغط يتراكم في داخله منذ اختفاء ستيلمان صباح ذلك اليوم، وها هو الآن ينفجر منه في سيلٍ من الكلمات.,كان الضغط يتراكم في داخله منذ اختفاء ستيلمان ذلك الصباح، وانفجر منه الآن سيلًا جارفًا من الكلمات.,A,
item_0087,The fact that my name has been mixed up in this.,حقيقة أن اسمي قد أُقحم في هذا الأمر.,حقيقة أن اسمي قد زُجّ به في هذا الأمر.,A,
item_0088,And the national judges frequently have difficulty in understanding and applying the concept of indirect discrimination.,وكثيرًا ما يواجه القضاة الوطنيون صعوبة في فهم مفهوم التمييز غير المباشر وتطبيقه.,وغالبًا ما يواجه القضاة الوطنيون صعوبة في فهم مفهوم التمييز غير المباشر وتطبيقه.,tie,
item_0089,"Wires sometimes get crossed. A person tries to call a number, and even though he dials correctly, he gets someone else.",قد تختلط الخطوط أحيانًا؛ فيحاول شخص الاتصال برقم ما، ورغم أنه يطلبه بشكل صحيح، يصل إلى شخص آخر.,تتداخل خطوط الهاتف أحياناً؛ فقد يحاول المرء الاتصال برقم ما، ورغم طلبه للرقم بشكل صحيح، يجيبه شخص آخر.,A,
item_0090,"Now that the Dursleys knew they weren't going to wake up as fruitbats, he had lost his only weapon.",والآن، بعد أن أدرك آل دورسلي أنهم لن يستيقظوا ليجدوا أنفسهم خفافيش فاكهة، كان قد فقد سلاحه الوحيد.,والآن، بعد أن أدرك آل دورسلي أنهم لن يستيقظوا وقد تحولوا إلى خفافيش فاكهة، فقدَ سلاحه الوحيد.,A,
item_0091,Two months ago I had to have an operation for a serious complaint.,منذ شهرين، اضطررت إلى الخضوع لعملية جراحية بسبب عِلّة خطيرة.,قبل شهرين، اضطررت لإجراء عملية جراحية بسبب حالة صحية خطيرة.,B,
item_0092,"He cleared the table of the breakfast dishes, tossed the newspaper on the couch, went into the bathroom, showered, shaved, went on to the bedroom wrapped in two towels, opened the closet and picked out his clothes for the day.",رفع أطباق الإفطار عن المائدة، وألقى الصحيفة على الأريكة، ثم دخل الحمّام فاستحمّ وحلق ذقنه، ومضى إلى غرفة النوم ملتفًّا بمنشفتين، وفتح الخزانة واختار ملابس يومه.,أخلى الطاولة من أطباق الفطور، وألقى بالجريدة على الأريكة، ثم دخل الحمام فاستحم وحلق، ثم توجه إلى غرفة النوم ملتفاً بمنشفتين، وفتح الخزانة وانتقى ملابس يومه.,tie,
item_0093,"Nevertheless, as time wore on he found himself doing a good imitation of a man preparing to go out.",ومع ذلك، ومع مرور الوقت، وجد نفسه يحاكي ببراعة رجلاً يستعد للخروج.,ومع ذلك، ومع مرور الوقت، وجد نفسه يحاكي بإتقان رجلاً يستعد للخروج.,tie,
item_0094,"Whether it might have turned out differently, or whether it was all predetermined with the first word that came from the stranger's mouth, is not the question.",سواء أكان من الممكن أن تسير الأمور على نحو آخر، أم أن كل شيء كان مقدراً منذ الكلمة الأولى التي نطق بها الغريب، فليس هذا هو السؤال.,ليس السؤال ما إذا كان من الممكن أن تجري الأمور على نحوٍ مختلف، أم أن كل شيء كان مقدّرًا سلفًا منذ أول كلمة خرجت من فم الغريب.,A,
item_0095,"""I have a duty toward you,"" he tells me.",«عليَّ واجب تجاهك»، يقول لي.,"""إن عليّ واجباً تجاهك""، يقول لي.",B,
item_0096,"There was an air of plotting about that station, but nothing came of it, of course.",كان يخيّم على تلك المحطة جوٌّ من التآمر، لكن لم يتمخّض عن ذلك شيء، بالطبع.,كانت تسود تلك المحطة أجواء من التآمر، لكنها لم تسفر عن شيء بالطبع.,B,
item_0097,Access ReportML will not write out any empty tags.,لن يقوم Access ReportML بكتابة أي وسوم فارغة.,لن يُخرِج Access ReportML أي وسوم فارغة.,A,
item_0098,Afterwards I took it back when it was borne in upon me startlingly with what extreme nicety he had estimated the time requisite for the 'affair.',"وبعد ذلك تراجعتُ عن رأيي حين أدركتُ بغتةً وبمنتهى الدهشة مدى الدقة المتناهية التي قدّر بها الوقت اللازم لتلك ""المسألة"".",غير أنني تراجعت عن ذلك لاحقًا حين تبيّن لي فجأةً، على نحوٍ مذهل، بأي دقةٍ بالغة كان قد قدّر الزمن اللازم لذلك «الأمر».,A,
item_0099,Most of the dinner guests agree that Russia's internal difficulties are so grave it may have to draw away from Syria.,يتفق معظم ضيوف حفل العشاء على أن صعوبات روسيا الداخلية بلغت من الجسامة حداً قد يضطرها إلى الانسحاب من سوريا.,يتفق معظم ضيوف العشاء على أن الصعوبات الداخلية التي تواجهها روسيا جسيمة إلى حد قد يضطرها إلى النأي بنفسها عن سوريا.,B,
item_0100,The municipality of Jerusalem is planning to build a new road and will tear the Jordanian one up.,تعتزم بلدية القدس شقّ طريق جديد وإزالة الطريق الأردني.,تخطط بلدية القدس لشق طريق جديد وستهدم الطريق الأردني.,B,
item_0101,"""So let us make a deal.",فلنعقد صفقة إذاً.,إذن فلنبرم صفقة.,tie,
item_0102,"He was bearing down on Harry like a great bulldog, all his teeth bared.",كان ينقضّ على هاري ككلب بولدوغ ضخم، مكشّرًا عن أنيابه كلها.,كان يندفع نحو هاري كأنه كلب بولدوغ ضخم، كاشرًا عن أنيابه كلها.,tie,
item_0103,"These works were written under the name of William Wilson, and he produced them at the rate of about one a year, which brought in enough money for him to live modestly in a small New York apartment.",كُتِبت هذه الأعمال تحت اسم ويليام ويلسون، وكان ينتجها بمعدل عملٍ واحدٍ تقريباً في السنة، مما كان يدرّ عليه مالاً يكفيه للعيش بتواضع في شقة صغيرة بنيويورك.,كُتبت هذه الأعمال باسم وليام ويلسون، وكان يُنجزها بمعدل عملٍ واحد تقريبًا كل عام، فكانت تدرّ عليه مالًا يكفيه ليعيش عيشةً متواضعة في شقة صغيرة بنيويورك.,A,
item_0104,Each filter you apply is added to the ones you already have in effect.,يُضاف كل عامل تصفية تطبّقه إلى عوامل التصفية المفعّلة لديك بالفعل.,يُضاف كل عامل تصفية تطبقه إلى عوامل التصفية المفعلة لديك بالفعل.,tie,
item_0105,"At times I suspect that the world would be glad to see the last of its Christianity, and that it is the persistency of the Jews that prevents it.",يساورني الشك أحياناً في أن العالم سيسعد بالخلاص من مسيحيته، وأن إصرار اليهود هو ما يحول دون ذلك.,تراودني أحيانًا ريبةٌ في أن العالم سيكون مسرورًا لو تخلّص نهائيًا من مسيحيته، وأن إصرار اليهود هو ما يحول دون ذلك.,tie,
item_0106,The problems caused by the absence of transparency are particularly severe.,تُعدّ المشكلات الناجمة عن غياب الشفافية بالغة الخطورة.,إن المشكلات الناجمة عن غياب الشفافية خطيرة بشكل خاص.,tie,
item_0107,British Conservatives also believe that the Commission is wrong to bring forward this proposal in the name of the European Single Market.,ويعتقد المحافظون البريطانيون أيضاً أن المفوضية مخطئة في تقديم هذا الاقتراح باسم السوق الأوروبية الموحدة.,ويرى المحافظون البريطانيون أيضاً أن المفوضية مخطئة في تقديم هذا المقترح باسم السوق الأوروبية الموحدة.,B,
item_0108,"The what? Auster laughed, and in that laugh everything was suddenly blown to bits.","""ماذا؟"" ضحك أوستر، وفي تلك الضحكة، تبدد كل شيء فجأة وتطاير أشلاءً.",الماذا؟ ضحك أوستر، وفي تلك الضحكة تناثر كل شيء فجأةً إلى شظايا.,A,
item_0109,"If you want to make changes to the design of the resulting page, you can open the page in Design view and make any changes you want.",إذا كنت ترغب في إجراء تغييرات على تصميم الصفحة الناتجة، يمكنك فتح الصفحة في عرض التصميم وإجراء أي تغييرات تريدها.,إذا أردت إجراء تغييرات على تصميم الصفحة الناتجة، يمكنك فتح الصفحة في عرض التصميم وإجراء أي تغييرات تريدها.,tie,
item_0110,"James Eichelberger, a State Department political scientist who had been an account executive for J Walter Thompson, one of the world's largest advertising and public-relations firms, ""was sent to Cairo where he talked with Nasser and his confidants and produced a series of papers identifying the new government's problems and recommending policies to deal with them.""",جيمس آيكلبرغر، عالم سياسة في وزارة الخارجية كان قد عمل مديرَ حسابات لدى شركة جاي والتر طومسون، إحدى أكبر شركات الإعلان والعلاقات العامة في العالم، «أُوفد إلى القاهرة حيث تحدّث مع ناصر ومقرّبيه، وأعدّ سلسلة من الأوراق حدّد فيها مشكلات الحكومة الجديدة وأوصى بسياسات لمعالجتها».,"أُرسل جيمس آيشيلبرغر، وهو عالم سياسي في وزارة الخارجية كان يشغل سابقاً منصب مدير حسابات في شركة ""جي والتر تومبسون""، إحدى أكبر شركات الإعلان والعلاقات العامة في العالم، ""إلى القاهرة حيث تحاور مع ناصر والمقربين منه، وقدم سلسلة من الدراسات التي تحدد المشكلات التي تواجهها الحكومة الجديدة وتوصي بالسياسات الكفيلة بمعالجتها"".",A,
item_0111,He put them on in a kind of trance.,ارتداها وهو في حالة أشبه بالغيبوبة.,ارتداها وهو في شبه غيبوبة.,A,
item_0112,He let go of the gnome's ankles: it flew twenty feet into the air and landed with a thud in the field over the hedge.,أفلت كاحلي قزم الحديقة، فانطلق محلقًا عشرين قدمًا في الهواء، ثم هبط بارتطامة في الحقل الواقع خلف السياج.,أفلتَ كاحلَي القزم، فطار عشرين قدمًا في الهواء وهبط بارتطامٍ في الحقل خلف السياج الشجيري.,A,
item_0113,"However, the filter settings are retained, so that when you turn autofiltering back on, the data that was previously displayed or hidden is again displayed or hidden.",ومع ذلك، يتم الاحتفاظ بإعدادات عامل التصفية، بحيث عندما تعيد تشغيل التصفية التلقائية، تُعرض أو تُخفى مرة أخرى البيانات التي كانت معروضة أو مخفية سابقًا.,ومع ذلك، يتم الاحتفاظ بإعدادات التصفية، بحيث يتم مجدداً عرض أو إخفاء البيانات التي كانت معروضة أو مخفية سابقاً عند إعادة تفعيل التصفية التلقائية.,A,
item_0114,Citizens take their right to petition seriously.,يأخذ المواطنون حقهم في تقديم العرائض على محمل الجد.,يأخذ المواطنون حقهم في تقديم العرائض على محمل الجد.,tie,
item_0115,"If you carry out the Save As command after making changes to the object's formatting, but before saving your changes, the current formatting – not the saved formatting – will be used to create the page.",إذا نفّذت أمر «حفظ باسم» بعد إجراء تغييرات على تنسيق الكائن، ولكن قبل حفظ تغييراتك، فسيُستخدم التنسيق الحالي — وليس التنسيق المحفوظ — لإنشاء الصفحة.,"إذا نفّذت أمر ""حفظ باسم"" بعد إجراء تغييرات على تنسيق الكائن وقبل حفظها، فسيُستخدَم التنسيق الحالي - لا التنسيق المحفوظ - لإنشاء الصفحة.",tie,
item_0116,"For example, if you set a conditional filter to show the top two cities based on sales, followed by an autofilter on the ShippedCity field to include only five cities, the PivotTable view will show the top two of the five cities you selected.",على سبيل المثال، إذا عيّنت عامل تصفية شرطيًا لعرض أعلى مدينتين استنادًا إلى المبيعات، ثم طبّقت عامل تصفية تلقائيًا على حقل ShippedCity لتضمين خمس مدن فقط، فسيعرض عرض PivotTable أعلى مدينتين من بين المدن الخمس التي حددتها.,"على سبيل المثال، إذا قمت بتعيين عامل تصفية شرطي لإظهار أعلى مدينتين من حيث المبيعات، ثم طبقت تصفية تلقائية على حقل ""مدينة الشحن"" لتضمين خمس مدن فقط، فإن عرض الجدول المحوري (PivotTable) سيظهر أعلى مدينتين من بين المدن الخمس التي حددتها.",B,
item_0117,Just at that time the manager was the only man supposed to have any right to candles.,في تلك الفترة بالذات، كان المدير هو الرجل الوحيد الذي يُفترض أن له الحق في الحصول على الشموع.,في ذلك الوقت تحديداً، كان المدير هو الرجل الوحيد الذي يُفترض أن له الحق في الحصول على الشموع.,tie,
item_0118,"It pleased him to watch it leave his mouth in gusts, disperse, and take on new definition as the light caught it.",رَاقَهُ أَنْ يَرْقُبَهُ وَهُوَ يَنْبَعِثُ مِنْ فَمِهِ دَفَقَاتٍ، ثُمَّ يَتَبَدَّدُ وَيَتَّشِحُ بِمَعَالِمَ جَدِيدَةٍ كُلَّمَا دَاعَبَهُ الضَّوْءُ.,كان يسرّه أن يراه يندفع من فمه في نفثات، ثم يتبدّد، ويتخذ ملامح جديدة حين يلتقطه الضوء.,B,
item_0119,"Reading The Sound and the Fury last night, I came upon words in Compson's thought that belonged to E E Cummings and the thirties, not to the year 1910.",وأنا أقرأ «الصخب والعنف» ليلة أمس، صادفتُ في أفكار كومبسون كلماتٍ تنتمي إلى إي. إي. كمنغز وإلى ثلاثينيات القرن العشرين، لا إلى عام 1910.,"بينما كنت أقرأ رواية ""الصخب والعنف"" ليلة أمس، استوقفتني في أفكار ""كومبسون"" كلمات تنتمي إلى ""إي إي كامنغز"" وثلاثينيات القرن العشرين، لا إلى عام 1910.",tie,
item_0120,She ruffled her feathers and gave him a look of deep disgust.,نفشت ريشها ورمقته بنظرة تحمل عميق الاشمئزاز.,نفشت ريشها ورمقته بنظرة اشمئزاز بالغ.,tie,
item_0121,And the talk goes on.,وما زال الحديث مستمراً.,ويتواصل الحديث.,tie,
item_0122,How to avoid problems caused by mixing queries under different ANSI SQL query modes in the same database,كيفية تجنب المشكلات الناجمة عن دمج استعلامات تعمل وفق أنماط استعلام ANSI SQL مختلفة في قاعدة البيانات ذاتها,كيفية تفادي المشكلات الناجمة عن مزج الاستعلامات ضمن أوضاع استعلام ANSI SQL مختلفة في قاعدة البيانات نفسها,A,
item_0123,Some Armenian prelates have joined us for coffee and take part in the discussion.,انضم إلينا بعض رجال الدين الأرمن لتناول القهوة والمشاركة في المناقشة.,انضم إلينا بعض المطارنة الأرمن لاحتساء القهوة والمشاركة في النقاش.,A,
item_0124,"At first, it looked as though Uncle Vernon would manage to gloss the whole thing over (Just our nephew – very disturbed meeting strangers upsets him, so we kept him upstairs)",في البداية، بدا كأن العم فيرنون سيتمكن من التغطية على الأمر كله (إنه مجرد ابن أختنا — مضطرب جدًا؛ فلقاء الغرباء يزعجه، لذلك أبقيناه في الطابق العلوي),في البداية، بدا الأمر وكأن العم فيرنون سينجح في التغطية على الأمر برُمّته (إنه ابن أختنا فحسب، يعاني اضطراباً شديداً وملاقاة الغرباء تثير قلقه، لذا أبقيناه في الطابق العلوي),B,
item_0125,"If the button is not selected, selecting new items to filter automatically turns filtering on and removes your former filter settings.",إذا لم يكن الزر محددًا، فسيؤدي تحديد عناصر جديدة لتصفيتها إلى تفعيل التصفية تلقائيًا وإزالة إعدادات التصفية السابقة.,في حال عدم تحديد الزر، فإن اختيار عناصر جديدة لتصفيتها يؤدي تلقائيًا إلى تفعيل التصفية وإزالة إعدادات التصفية السابقة.,tie,
item_0126,They believed that genuine democracy was now on its way.,لقد آمنوا بأن الديمقراطية الحقيقية باتت قاب قوسين أو أدنى.,كانوا يعتقدون أن الديمقراطية الحقيقية باتت الآن في طريقها.,B,
item_0127,2 A crosstab query based on the select query,٢ استعلام جدولي تقاطعي يستند إلى استعلام التحديد,٢. استعلام جدولي يستند إلى استعلام التحديد,A,
item_0128,"Also, some serious targets must now finally be set for the car industry.",كما يجب الآن أخيراً تحديد بعض الأهداف الجادة لقطاع صناعة السيارات.,كما يجب الآن أخيراً وضع بعض الأهداف الجادة لصناعة السيارات.,tie,
item_0129,"Well, I've got news for you, boy. I'm locking you up you're never going back to that school. never. and if you try and magic yourself out – they'll expel you!",حسنًا، لديّ خبر لك يا فتى: سأحبسك، ولن تعود إلى تلك المدرسة أبدًا، أبدًا. وإن حاولت أن تخرج نفسك بالسحر، فسيطردونك!,حسنًا، لدي أخبار لك يا فتى. سأحبسك ولن تعود إلى تلك المدرسة أبدًا. أبدًا. وإذا حاولت استخدام السحر للهرب، فسوف يطردونك!,,
item_0130,The vote will take place tomorrow at 12 noon.,سيُجرى التصويت غدًا في تمام الساعة الثانية عشرة ظهرًا.,سيجري التصويت غداً في تمام الساعة الثانية عشرة ظهراً.,,
item_0131,"Thank you very much, Commissioner.",شكرًا جزيلًا، سعادة المفوض.,شكراً جزيلاً لك، سيادة المفوض.,,
item_0132,Filtering based on the data in one cell (Filter by Selection),التصفية استناداً إلى البيانات الموجودة في خلية واحدة (التصفية حسب التحديد),التصفية بناءً على البيانات الموجودة في خلية واحدة (التصفية حسب التحديد),,
item_0133,"Greece, Italy, France, Spain and Austria, have understood that something has to be done and now have a presence in Albania.",أدركت كل من اليونان وإيطاليا وفرنسا وإسبانيا والنمسا ضرورة اتخاذ إجراء ما، وبات لها وجود الآن في ألبانيا.,أدركت كلٌّ من اليونان وإيطاليا وفرنسا وإسبانيا والنمسا أن من الضروري اتخاذ إجراء، وبات لهذه الدول الآن حضور في ألبانيا.,,
item_0134,"You want to take advantage of the new features not found in ANSI-89 SQL, such as:",ترغب في الاستفادة من الميزات الجديدة غير المتوفرة في معيار ANSI-89 للغة SQL، مثل:,ترغب في الاستفادة من المزايا الجديدة غير المتوفرة في ANSI-89 SQL، مثل:,,
item_0135,This is a thought that sometimes crosses Jewish minds.,هذه فكرة تراود أذهان اليهود أحيانًا.,هذه فكرة تطرأ أحياناً على بال اليهود.,,
item_0136,"They hit the branches, they thresh the leaves with their sticks, and the fruit rains down.",يضربون الأغصان ويهشّون الأوراق بعصيهم، فتنهال الثمار كالمطر.,يضربون الأغصان، وينفضون الأوراق بعصيهم، فتتساقط الثمار كالمطر.,,
item_0137,Copyright and the EU's principle of free competition should be taken into account in the televising of sports as of other events.,ينبغي أخذ حقوق الطبع والنشر ومبدأ المنافسة الحرة للاتحاد الأوروبي بعين الاعتبار عند البث التلفزيوني للفعاليات الرياضية وغيرها من الأحداث.,ينبغي أخذ حقوق النشر ومبدأ المنافسة الحرة في الاتحاد الأوروبي في الاعتبار عند بث الأحداث الرياضية تلفزيونياً، شأنها شأن غيرها من الأحداث.,,
item_0138,"As he drank his coffee, buttered his toast, and read through the baseball scores in the paper (the Mets had lost again, two to one, on a ninth inning error), it did not occur to him that he was going to show up for his appointment.",بينما كان يرتشف قهوته، ويدهن خبزه المحمص بالزبدة، ويتصفح نتائج مباريات البيسبول في الجريدة (إذ خسر فريق الميتس مجدداً، بنقطتين مقابل نقطة، بسبب خطأ في الشوط التاسع)، لم يخطر بباله مطلقاً أنه سيذهب لحضور موعده.,وبينما كان يشرب قهوته، ويدهن خبزه المحمّص بالزبدة، ويتصفّح نتائج مباريات البيسبول في الصحيفة (كان فريق الميتس قد خسر من جديد، اثنين مقابل واحد، بسبب خطأ في الشوط التاسع)، لم يخطر بباله أنه سيحضر موعده.,,
item_0139,"See what it is doing now in the Warsaw Pact countries, it is making deals with the Communists.",انظر إلى ما تفعله الآن في دول حلف وارسو، إنها تعقد صفقات مع الشيوعيين.,انظر ماذا تفعل الآن في دول حلف وارسو، إنها تعقد صفقات مع الشيوعيين.,,
item_0140,The default view – the view in which the object is open when you carry out the Save As command – determines the design of the data access page.,"تحدد طريقة العرض الافتراضية – وهي طريقة العرض التي يكون الكائن مفتوحاً بها عند تنفيذ أمر ""حفظ باسم"" – تصميم صفحة الوصول إلى البيانات.",تُحدِّد طريقة العرض الافتراضية — وهي طريقة العرض التي يكون الكائن مفتوحًا فيها عند تنفيذ الأمر «حفظ باسم» — تصميم صفحة الوصول إلى البيانات.,,
item_0141,"For some reason, Quinn had not expected this, and it threw him off track.",لسبب ما، لم يكن كوين يتوقع هذا، مما أفقده توازنه.,لسببٍ ما، لم يكن كوين يتوقع هذا، وقد أربكه ذلك.,,
item_0142,"I went to work the next day, turning, so to speak, my back on that station.",ذهبتُ إلى عملي في اليوم التالي، وقد أدرتُ ظهري، إن جاز التعبير، لتلك المحطة.,ذهبتُ إلى العمل في اليوم التالي، مولياً ظهري، إن صح التعبير، لتلك المحطة.,,
item_0143,"In 1947 Copeland had been sent to Damascus (""by whom is not stated,"" Kedourie says) ""to make unofficial contact"" with Syrian leaders and ""to probe for means of persuading them, on their own, to liberalize their political system.""","في عام 1947، أُوفد كوبلاند إلى دمشق (""دون ذكر الجهة التي أرسلته""، كما يقول كيدوري) ""لإجراء اتصالات غير رسمية"" مع القادة السوريين و""لاستكشاف سبل إقناعهم، من تلقاء أنفسهم، بتحرير نظامهم السياسي"".",في عام 1947، كان كوبلاند قد أُرسل إلى دمشق («ولا يُذكر مَن أرسله»، كما يقول كدوري) «لإجراء اتصالات غير رسمية» مع القادة السوريين، و«لاستكشاف الوسائل الكفيلة بإقناعهم، من تلقاء أنفسهم، بتحرير نظامهم السياسي».,,
item_0144,"Each time he took a walk, he felt as though he were leaving himself behind, and by giving himself up to the movement of the streets, by reducing himself to a seeing eye, he was able to escape the obligation to think, and this, more than anything else, brought him a measure of peace, a salutatory emptiness within.",في كل مرة كان يخرج فيها للسير، كان يشعر كأنه يترك نفسه وراءه، وباستسلامه لحركة الشوارع، واختزال نفسه في مجرد عين ترى، كان ينجح في التهرب من واجب التفكير، وهذا، أكثر من أي شيء آخر، كان يمنحه قدراً من السلام، وخلاءً داخلياً شافياً.,في كل مرة كان يخرج فيها للمشي، كان يشعر كأنه يترك نفسه وراءه، وباستسلامه لحركة الشوارع، وباختزاله ذاته إلى عينٍ مبصرة، كان يستطيع أن يفلت من عبء التفكير، وهذا، أكثر من أي شيء آخر، كان يمنحه قدرًا من السكينة، وفراغًا مطهِّرًا في داخله.,,
item_0145,The apostrophe has a special purpose in an XML document and can be misinterpreted if used directly in the text.,للفاصلة العليا وظيفة خاصة في مستند XML، وقد يُساء تفسيرها إذا استُخدمت مباشرةً في النص.,تُستخدم علامة الفاصلة العليا لغرض خاص في مستندات XML، وقد يساء تفسيرها إذا استُخدمت مباشرة في النص.,,
item_0146,"When you open a page, Access reads the connection file that is linked to the page, and based on the contents of the connection file, connects the page to the appropriate data source.",عند فتح صفحة، يقرأ Access ملف الاتصال المرتبط بالصفحة، وبناءً على محتويات ملف الاتصال، يربط الصفحة بمصدر البيانات المناسب.,عند فتح صفحة، يقرأ Access ملف الاتصال المرتبط بالصفحة، وبناءً على محتويات ملف الاتصال، يربط الصفحة بمصدر البيانات المناسب.,,
item_0147,"For example, you can filter for the top 25 % or bottom 25 % of salespeople based on the number of orders handled.",على سبيل المثال، يمكنك تصفية مندوبي المبيعات لعرض أعلى 25٪ أو أدنى 25٪ منهم استنادًا إلى عدد الطلبات التي تولّوا معالجتها.,على سبيل المثال، يمكنك تصفية النتائج لعرض أعلى 25% أو أدنى 25% من مندوبي المبيعات بناءً على عدد الطلبات التي أنجزوها.,,
item_0148,"Failing in Syria, the Americans went to work in Egypt.",بعد فشلهم في سوريا، اتجه الأمريكيون للعمل في مصر.,إثر فشلهم في سوريا، انتقل الأمريكيون إلى العمل في مصر.,,
item_0149,Then someone says that it can't be long now before the Russians write Arafat off.,ثم يقول أحدهم إنه لن يمر وقت طويل قبل أن يشطب الروس عرفات من حساباتهم.,ثم يقول أحدهم إن المسألة باتت مسألة وقت ليس إلا قبل أن ينفض الروس أيديهم من عرفات.,,
item_0150,"Shrugging, he gives up and I turn to the twice disagreeable chicken and eat guiltily, my appetite spoiled.",يهز كتفيه مستسلمًا، فأعود إلى الدجاج المنفّر على نحو مضاعف وآكل شاعرةً بالذنب، وقد فسدت شهيتي.,وهز كتفيه مستسلمًا، فالتفتُّ أنا إلى الدجاجة التي باتت بغيضةً مرتين، ورحتُ آكل بشعورٍ بالذنب وقد سُدَّت شهيتي.,,